/*
Navicat MySQL Data Transfer

Source Server         : localhost
Source Server Version : 50505
Source Host           : 127.0.0.1:3306
Source Database       : graphql

Target Server Type    : MYSQL
Target Server Version : 50505
File Encoding         : 65001

Date: 2017-12-13 18:58:24
*/

SET FOREIGN_KEY_CHECKS=0;

-- ----------------------------
-- Table structure for `postcates`
-- ----------------------------
DROP TABLE IF EXISTS `postcates`;
CREATE TABLE `postcates` (
  `id` int(11) NOT NULL AUTO_INCREMENT,
  `title` varchar(255) DEFAULT NULL,
  `description` varchar(255) DEFAULT NULL,
  `createdAt` datetime NOT NULL,
  `updatedAt` datetime NOT NULL,
  PRIMARY KEY (`id`)
) ENGINE=InnoDB AUTO_INCREMENT=7 DEFAULT CHARSET=utf8mb4;

-- ----------------------------
-- Records of postcates
-- ----------------------------
INSERT INTO `postcates` VALUES ('1', 'Swift', 'all posts about swift', '2017-12-13 14:43:06', '2017-12-13 14:43:06');
INSERT INTO `postcates` VALUES ('2', 'Javascript', 'all posts about Javascript', '2017-12-13 14:43:18', '2017-12-13 14:43:18');
INSERT INTO `postcates` VALUES ('3', 'PHP', 'all posts about PHP', '2017-12-13 14:43:46', '2017-12-13 14:43:46');
INSERT INTO `postcates` VALUES ('4', 'PHP', 'all posts about PHP', '2017-12-13 14:43:46', '2017-12-13 14:43:46');
INSERT INTO `postcates` VALUES ('5', 'GO', 'all posts about GO', '2017-12-13 14:43:55', '2017-12-13 14:43:55');
INSERT INTO `postcates` VALUES ('6', 'Python', 'all posts about Python', '2017-12-13 14:44:02', '2017-12-13 14:44:02');

-- ----------------------------
-- Table structure for `posts`
-- ----------------------------
DROP TABLE IF EXISTS `posts`;
CREATE TABLE `posts` (
  `id` int(11) NOT NULL AUTO_INCREMENT,
  `title` varchar(255) DEFAULT NULL,
  `author` int(11) DEFAULT NULL,
  `cate` int(11) DEFAULT NULL,
  `excerpt` varchar(255) DEFAULT NULL,
  `source` varchar(255) DEFAULT NULL,
  `featured_img` varchar(255) DEFAULT NULL,
  `thumb_up` int(11) DEFAULT NULL,
  `thumb_down` int(11) DEFAULT NULL,
  `content` text,
  `createdAt` datetime NOT NULL,
  `updatedAt` datetime NOT NULL,
  PRIMARY KEY (`id`),
  KEY `author` (`author`),
  KEY `cate` (`cate`),
  CONSTRAINT `posts_ibfk_1` FOREIGN KEY (`author`) REFERENCES `users` (`id`) ON DELETE CASCADE ON UPDATE CASCADE,
  CONSTRAINT `posts_ibfk_2` FOREIGN KEY (`cate`) REFERENCES `postcates` (`id`) ON DELETE NO ACTION ON UPDATE CASCADE
) ENGINE=InnoDB AUTO_INCREMENT=16 DEFAULT CHARSET=utf8mb4;

-- ----------------------------
-- Records of posts
-- ----------------------------
INSERT INTO `posts` VALUES ('1', '于丹：生命来来往往，来日并不方长', '1', '1', '懂得珍惜，并不是与生俱来的能力。在长大的过程中，总有些猝不及防的变故让人扼腕喟叹：有时候，没有赶紧完成的心愿，一转眼就来不及了。', '网络', 'https://mock.topicking.com/static/img/640X356/9.jpg', '893', '32', '懂得珍惜，并不是与生俱来的能力。在长大的过程中，总有些猝不及防的变故让人扼腕喟叹：有时候，没有赶紧完成的心愿，一转眼就来不及了。', '2017-12-13 14:56:28', '2017-12-13 14:56:28');
INSERT INTO `posts` VALUES ('2', '于丹：生命来来往往，来日并不方长', '1', '4', '懂得珍惜，并不是与生俱来的能力。在长大的过程中，总有些猝不及防的变故让人扼腕喟叹：有时候，没有赶紧完成的心愿，一转眼就来不及了。', '网络', 'https://mock.topicking.com/static/img/640X356/9.jpg', '893', '32', '<p><span style=\"font-family: 微软雅黑; font-size: 14pt; color: #ff6600;\">懂得珍惜，并不是与生俱来的能力。在长大的过程中，总有些猝不及防的变故让人扼腕喟叹：有时候，没有赶紧完成的心愿，一转眼就来不及了。</span></p>', '2017-12-13 14:58:00', '2017-12-13 14:58:00');
INSERT INTO `posts` VALUES ('3', '如何成为独立思考的人', '1', '2', '真正独立思考的人，在精神上是君主。', '网络', 'https://mock.topicking.com/static/img/640X356/3.jpg', '2893', '132', '<p><strong>真正独立思考的人，在精神上是君主。</strong></p><p>哪怕是再大的图书馆，如果它藏书丰富但却杂乱无章，其实际用处就反不如那些规模虽小却条理井然的图书馆。同样，如果一个人拥有大量的知识，却未经过自己头脑的独立思考而加以吸收，那么这些学识就远不如那些虽所知不多但却经过认真思考的知识有价值。因为，只有当一个人把他的所知结合各方面来考察，把每一真知相互比照之后，他才能真正理解、掌握这些知识，并使其为己所用。一个人只能对自己知道的事情加以仔细思考，因此他必须要学习新东西；但是，也只有那些经过深思熟虑的东西才能成为他的真知。</p><p><strong>一个人可以随意地阅读和学习，却不能随意地思考。</strong></p><p>思考与阅读会对人的精神产生不同的影响，其差别之大令人难以置信。因此，这就愈发加大了人们之间本来就存在的思想差异——因为天性的不同，导致有的人热爱思考，有的人喜欢阅读。阅读是把某些外来、异质的思想强加于我们的头脑，这些思想与我们的精神是不相吻合的，就像印章强行在石蜡上留下印记一样。因此，我们的头脑就承受了完全来自外在的压力，一会儿思考这个，一会儿考虑那个，既非出于本能，亦非因为喜欢。</p><p>大量的单纯的阅读会使我们的精神丧失灵敏性，就像是一根弹簧连续不断地受到重压就会推动弹性。如果一个人不想动脑思考，最保险的办法就是一旦空闲了就拿起一本书。这就解释了何以博学多识常使很多人变得比原来更加愚蠢麻木，并阻碍他们的作品获得成功。正如蒲柏所说，他们始终是：不停地阅读别人，却从来不会被别人阅读。</p><p>学者是成天阅读、研究书本的人。而思想家、天才，以及那些照亮世界、推动人类发展的人，则是直接运用世界这本大书的人。</p><p>实际上，只有自己本身的根本思想才具有真理和生命力。因为，只有这些才是一个人能真正、完全理解的。阅读别人的思想，如同吃别人的残羹剩饭，或穿陌生人丢弃的旧衣。</p><p>通过阅读获得的思想与自己心中萌发的思想相比，正如史前植物的化石遗迹与春天里蓬勃茂盛的植物相比一样。</p><p>阅读只是独自思考的代替物。阅读时，一个人本身的思想是在被别人的思想牵引管束。</p><p>此外，很多书籍都无甚益处，除了向我们表明错误的路径如此之多，如果一个人听从这类书的引导，就会误入岐途。但是，受天赋指引的人，亦即独立、自发、正确思考的人，却拥有能够找到正确方向的罗盘。因此，一个人应当只有在自己的思想源泉干涸的时候才去读书——即使是最优秀的头脑也会经常发生思维停滞不前的情况。</p><p>因手拿书本阅读而赶跑自己的原创思想，不啻是冒犯神灵的罪过。</p><p>只有通过自己独立思考获得的知识，才能融入我们的思想体系，成为整个思维体系的一个鲜活部分，并与整体保持一种完整、坚实的联系。</p><p>独自思考的人只是在形成自己的见解之后才知道与权威暗合，此时的权威也同时增强了他们二者的力量。</p><p>阅读是在用别人的、而非自己的头脑来思考。自己的独立思考是要努力形成一个连贯的整体、一个系统，即使它不是严密、完备的。没有什么比孜孜不倦地不断阅读，让别人的思想源源不断地进入自己脑中更为有害的事了。</p><p>那些将一生的时光都花在了阅读中并从书籍中获取智慧的人，就像是从旅行者的描述中了解一个国家的详细状况的人。这些人可以提供关于这个国家的很多信息，但实际上他们对此地的真实情况并没有连贯、清晰、透彻的了解。而那些一生致力于深思的人，则像是亲自到过某个国家的人。只有他们才真正知道自己所谈的事情，他们对此地的状况完全了解，说起来如数家珍。</p><p>但是这里有一个小小的困难需要克服：思考这种事并不能取决于我们自己的意志。一个人只要愿意就可以随时坐下读书，却不能随时坐下思考。思想如同客人，我们不能随自己高兴去召唤他们，而只能耐心等待他们的到来。</p><p>我们必须要等待恰当的时机，即使最伟大的天才也不能每时每刻都在独自思索。因此，把思考之外的空余时间用来阅读是可取的做法。正如我说过的，阅读是对独自思考的替代物，它可以借别人的思考为我们提供精神材料——虽然常以一种与我们自己的思维完全不同的方式。出此原因，一个人也不应该读书太多。这样，我们的头脑才不会习惯于思考的替代物，因此而忘却了认识事物的能力；才不会习惯于踏上别人已经走过的道路，遵循别人的思路而忘记自己的思维。当然，更不应该仅仅为了读书而完全放弃对现实世界的关注。</p><p>单纯的经验和阅读一样，并不能取代思考。纯粹的经验与思考的关系，犹如进食之于消化吸收的关系。当经验吹嘘说只有通过它的发现，才推动了人类知识的进步时，就像是嘴巴扬言整个身体的生存只是它的功劳。</p><p>有思想之人的作品与其他庸人作品的区别，就在于它主题鲜明、内容明确的特点，及由此而来的清晰、流畅。因为这些人明确、清楚地知道自己想要表达的是什么，不管是以散文、诗歌或者音乐的形式。而普通之人却没有这种果断、清晰，因此二者之间就很容易区分开来。</p><p>具有最高思想能力的人的特征是，他们对事物的判断都是直接、明确的。他们说的任何东西都是自己思考的结果，其表达见解的方式中也完全显示出这一点。因此，这些人像精神王国的王侯一般，拥有无可辩驳的权威。而其他人只是处在从属的地位，这从他们那缺乏自己特色的表达风格中就可看出。</p><p>因此，每个真正独立思考的人，在精神领域内全然是位君主。相比之下，那些头脑庸俗的普通大众，随波逐流于各种各样的流行观点、权威说法与世俗偏见之间，使自己的思维受到限制，就像是那些默默服从法律和命令的平民。</p><p>在现实世界中，哪怕它被认为是多么的美丽、愉悦和迷人、惬意，我们还是不得不受制于万有引力定律来活动，一生都在不停地克服它。但在精神的世界里，我们是了肉体束缚的精灵，不再受重力的控制，也没有了贫困之苦。</p><p>这就是为何一个完美充沛的精神头脑，在某一神妙时刻从其自身中所得到的快乐、幸福，在现实世界是完全找不到的。</p><p>浮现在脑中的思想，犹如站在眼前的恋人。我们幻想着自己永远不会忘记这一思想，自己的恋人也永远不会变心。但是，眼不见，心不想！最精妙的思想如果不及时写下，也会有被遗忘的危险，再也无法挽回；最心爱的人如果我们不与之结婚，也难逃被遗弃的命运。</p>', '2017-12-13 15:03:05', '2017-12-13 15:03:05');
INSERT INTO `posts` VALUES ('4', '白岩松：读书读久了，你总会信仰些什么', '1', '6', '读书读久了你总会信一些什么，信一些什么就有了敬，有了畏，因为信仰我认为最重要的是“敬畏”二字。有了敬，有了畏，知道什么是最好的我要去做，知道什么是不好的我不能逾越它，就如同社会这条奔腾的大河两边有了安全的河床，敬和畏这两个河床在，不管这条河流如何奔涌，总是安全的。我们现在正处在慢慢建两边河床的过程中。', '网络', 'https://mock.topicking.com/static/img/640X356/4.jpg', '1893', '232', '<p>当我们翻开一本书，要在翻开的这本书里头寻找到什么呢？这个话题似乎要从我们刚刚出生来到这个世界上开始说起。当人生的这本书刚刚翻开，在未来漫长的岁月里，在这本书里，我们又要寻找到什么呢？也许两者的答案有很多是相似的。首先翻开一本书，我们希望知道自己是谁，我的家乡在哪里，而世界又在哪里。</p><p>如果我不打开书，我会以为世界就像我生活的这座城市一样，有草原，有森林，有很多和善的人们。但是当我打开书才知道，《上下五千年》里有那么多的历史；当我打开书的时候，我知道在《一千零一夜》里还有另外一个跟我们完全不一样的世界；当我打开书的时候才知道有好人、有坏人；当我打开书的时候才知道，北京、江苏、四川或者其他的地方怎么怎么样。了解的事情越来越多了，这个世界开始变得越来越大了，结果一个又一个少年该如同我一样，开始向往外面的世界。</p><p>如果没有书，你不会知道世界是个什么概念，即便后来当你的年岁足够大了，当你来到一个又一个陌生的国度里，你竟然发现一切似乎没那么陌生，因为早在白纸黑字上，早在字里行间，早在曾经翻开的一本又一本书当中，你曾经如此亲密地靠近过它，世界变得不再那么遥远，也不再那么陌生了。</p><p>说起来真的有意思，总有很多人问我，对我影响最大的一本书是什么？我的答案永远是一样的，当然是《新华字典》了。如果要是没有《新华字典》，没有我从最简单的一个又一个汉字开始认识起，一直到后来，我怎么会有勇气、有能力翻开一本又一本或厚或薄的书呢？如果我不能翻开那些书，我的很多困惑、我的很多未知怎么能在我的面前陆续打开呢？成长是什么？成长不仅是年岁慢慢增长，更重要的是内心所累积的一个又一个问号慢慢地得到答案。</p><p>当你的答案越来越多，当你的问号开始慢慢地被抻直的时候，你就是在成长。最小的时候可能在读《十万个为什么》，获取一个又一个答案，如果没有那些书，答案不出现在你的面前，你就永远像是一个仰望星空的孩子。虽然在这一生当中葆有好奇，葆有问号，永远是一个最重要的事情，但是，在你成长的过程中，如果你的一个又一个问题不能得到解答的话，成长怎么可能变成现实呢？</p><p>从你最初好奇的一加一等于二，到后来一加一等于二不再是一个简简单单的数学题，而是人生，是大的哲学，是你如何去捍卫常识；当别人因为自己的利益，能喊出一加一等于三，甚至等于四的时候，你还有勇气去坚持说一加一等于二。你想想我们走了多远的路程了。</p><p>从最初只是一个最简单的小学的数学题到后来与常识、与正义、与真理有关，如果没有那一本又一本翻开的书，你怎么可能有这种成长呢？总有人问我读书有什么好处。我说用几个“解”来回答你吧，它可以解惑，它可以解气，有的时候你有很多这种郁闷和生气，打开书看到有与你同样生活在这个世界上的人，或者古人甚至都提前把那种呐喊替你发泄出来，你就觉得挺解气的。</p><p>另外，还解决你的很多挣扎和困惑。翻开一本又一本书的时候，你看到答案，拥有了一种解决的方案，道路变得更加清晰了。当然千万别忘了，看书还有另外的功能，那就是有的时候还解闷。哪怕现在人们开玩笑连解手的时候，都需要有那些看起来不那么累的书能陪伴你度过人生当中永远不会没有的这种时光。一天总是琐碎的，但是累加在一起却可能会获取很多知识，因此，我觉得一个能提供这么多“解”的书，会帮助一个又一个人更好地走这样一个成长的道路。</p><p>在我们寻找的无数答案当中，最后一种答案可能非常的重要。它帮助我们寻找到平静和幸福，我们可能都记着这样的一句话，“华北之大，已经安放不下一张平静的书桌了”。那是一个屈辱的时代。但是现代在物质大潮快速奔涌而来的时候，这句话可以稍微地变一变了，变成什么呢？</p><p>“中国之大，找到一颗平静的心简直太难了。”但是不平静又怎么可能幸福呢？我曾经有过这样的经历，周围是乱的，自己的心里也是乱的，当你打开书想在书里找到平静的时候，最初几页是很难的。但是当最初的几页慢慢读进去了，你就觉得好书真像是一堵又一堵的墙，开始慢慢地升腾起来，把外面的车水马龙还有那些喧嚣的声音都阻拦在了外面。</p><p>这个时候，你觉得那颗躁动的心慢慢地安静下来，这个世界你似乎又可以在白纸黑字里闻得到花香，听得到鸟的声音，大自然仿佛又回到了你的身边。更重要的是没有平静怎么可能幸福呢？</p><p>那么，幸福与读书、与平静有什么关系吗？很有关系，幸福是由三个关键词构成的，那就是物质、情感和精神。只有物质基础、情感依靠、精神支柱这三种因素的分数都不错，加起来你的幸福指数才高。而读书与这三者紧密相关，“读书无用论”的论调早已经慢慢消散了，那个时代也结束了。</p><p>早有调查显示，人们读书和知识获取的水平和你的工资收入是成正比的，我想只有你的读书足够多了，你才会更有创意，才会更自信，你才会更有底气，才能获取更多的物质回报。但是这还不是最重要的。书读得多了，你在情感方面会是一个充沛的、获益很多的人，你的依靠会更充实，更重要的是在读书中会寻找到我们的信仰和精神支柱。</p><p>中国人的信仰千百年来并不是仅仅靠宗教来支撑的，它就在唐诗宋词当中，在爷爷姥姥讲给你的故事里，在《三国演义》里，在《红楼梦》里，在《西游记》里，在无数的经典书籍当中，至今依然被文人用那种美丽的方块字写在字里行间。</p><p>读书读久了你总会信一些什么，信一些什么就有了敬，有了畏，因为信仰我认为最重要的是“敬畏”二字。有了敬，有了畏，知道什么是最好的我要去做，知道什么是不好的我不能逾越它，就如同社会这条奔腾的大河两边有了安全的河床，敬和畏这两个河床在，不管这条河流如何奔涌，总是安全的。我们现在正处在慢慢建两边河床的过程中。</p><p>因此，如果更多的中国人能够多读书，能够让自己的心平静下来，能在这里慢慢找到幸福感并且找到自己的话，中国就会变得更好。也许读书不能解决所有的问题，但是读书可以改变很多，可以让我们一个又一个人变得更好。</p><p>当我们一个又一个人变得更好的时候，你什么样，中国就什么样。</p>', '2017-12-13 15:03:05', '2017-12-13 15:03:05');
INSERT INTO `posts` VALUES ('5', '催我们变优秀的，是跨在背上的自己', '1', '1', '胜人者有力，自胜者强。也许，面对更强者，最后真正要超越的，其实是自己。恰如泰戈尔在他的《飞鸟集》中所说：“催逼着我们前进的，正是跨在背上的我们自己。”', '网络', 'https://mock.topicking.com/static/img/640X356/2.jpg', '45', '5', '<p>我的朋友中，有一个精明的忘年交，外号叫“老虎”。</p><p>不得不说，老虎做生意很有一套，那敏锐的嗅觉和洞察力，让他在风云变幻的市场中，稳稳地站住了脚，当然也赚了不少钱。对于生意上的成功，他很少去炫耀，可对他的业余爱好，比如打乒乓球，他却是逢人都得显摆一番，说自己打得如何如何好。</p><p>有一回，我带小侄子到他家做客。我跟他讲，小侄子是乒乓球高手，打败过很多人，想不想较量一番？老虎原本只是抱着娱乐的心态，心想一个十岁的小孩子能有多厉害呢？估计还得让着点他，不然会打击孩子的自信心。我说：“别轻敌哦，我侄子真的是高手。”</p><p>比赛开始了，老虎先是心不在焉，可发现小侄子很不简单后，他也变得认真起来，最后竟真的使出了浑身解数。结果，三局下来，老虎只胜了一局。老虎有点不敢相信：这么一个小孩，怎么能打得如此之好？我告诉他，小侄子其实是“专业运动员”，学的就是乒乓球。</p><p>他开玩笑对小侄子说：“以后，我拜你为师怎么样？”小侄子笑笑，说：“我还得管你叫叔叔呢，你怎么能管我叫老师呢？”老虎说：“老师可不分年龄、辈分，只要比自己有能力、有实力，就应该向他学习。”</p><p>此后，小侄子成了老虎家里的贵宾，他经常邀请孩子到他那里做客，带他去吃饭，然后一起切磋球艺。半年下来，老虎的球艺精进了不少。</p><p>后来，老虎又迷上了写作。别看他是个商人，其实骨子里还有些许的文艺气息。不管白天怎么忙，每天晚上他都会抽出时间读书，从不间断。休假的时候，他也拜访过一些有名气的作家，与他们交流心得。一个人天资聪慧，再配上勤奋好学，成就自然小不了。老虎结合自己的经历，用了半年多的时间，写了一本自传式的书，销量还不错。再后来，他也尝试着把自己的一些经商心得、管理心得撰写成书，作为企业的培训教材。</p><p>更让我吃惊的是，有一次我到他家里，无意间发现了一个木制的雕刻兔子。我问他，这是从哪儿买的？他特得意地告诉我，是他自己做的。我当时忍不住冒出了一句：“还有什么是你不会的吗？”他买了各种各样的木头，还有雕刻工具，跟随一些艺人学雕刻，制作出来的东西虽算不得多么精致，但却不失趣味。我家里现在还保留着他赠送的一些杰作。</p><p>我实在惊叹他的才学能力，问他是怎么做到的？</p><p>老虎淡淡一笑，跟我说：“我一直觉着，一个人要想变得优秀、变得强大，就得向更强的人学习。就说打乒乓这件事，身边的人都比不过我，我自诩作为业余爱好者来说，水平已经很高了。没想到，后来竟成了一个十岁男孩的手下败将。我特感慨，原来这个世界上还有很多你不知道的高手隐匿在身边。跟他不断切磋的过程中，我的球技又提升了不少。关于写作和雕刻也是这样，靠近那些比自己强的人，就能学到更多。”</p><p>老虎的这番话，给了我很大的启迪。我也曾对很多事物产生过兴趣，可当我发现周围的人比我做得好时，我很泄气，觉得自己没有天赋，自信心开始减退，不能静下心来去琢磨技巧和方法。</p><p>我一直把那些半途而废的事归咎于天赋和环境，却从来没想过，其实是自己无法正视别人比自己强，不敢去跟强者站在一起，向他们发起挑战。有时，人总要先承认自己与别人有差距的事实，才有勇气去接纳强者，并学习他们的优秀之处。</p><p><strong>胜人者有力，自胜者强。也许，面对更强者，最后真正要超越的，其实是自己。恰如泰戈尔在他的《飞鸟集》中所说：“催逼着我们前进的，正是跨在背上的我们自己。”</strong></p>', '2017-12-13 15:03:05', '2017-12-13 15:03:05');
INSERT INTO `posts` VALUES ('6', '适时把自己归零', '1', '2', '适时把自己“归零”，体现了人生的大智慧、大聪明和大能力。在不断“归零”的基点上让人生重新起航，就一定会披荆斩棘，胜利到达理想的彼岸。', '网络', 'https://mock.topicking.com/static/img/640X356/10.jpg', '93', '6', '<p>做人，适时把自己“归零”，就会心胸开阔。人生，难免会有成功与失败、顺境与逆境。顺境时，把自己适时“归零”，可以戒骄戒躁，消除“骄娇”二气，不把成功和顺境当“包袱”背起来；逆境时，固然会失去很多，但能够在失去时勇于“归零”，才能重新面对自己，从头开始，积极奋斗。就像春节前的大扫除，把那些没用处的东西清除掉，把有用的珍品拂拭干净，就可以窗明几净、心情舒畅地迎接新春。</p><p>其实，人生也像时钟一样，到了子夜就要“从零开始”，只有归零，才会有新的周期与辉煌。著名作家刘震云也说过：“归零心态就是把自己心灵里的一切清空，把已经拥有的一切剥除，一切归于零的心态。”实际上，无论何种境况，能适时把自己“归零”，总是海阔天空，心胸豁达。</p><p>越能够把自己“归零”的人反倒越不会“归零”，不断“归零”就是一种上升与提高，也是一种难得的积淀与涵养。“攥紧巴掌，手里什么都没有；张开双手，就会拥有整个世界。”做人适时“归零”，当然不是妄自菲薄或消极避世，而是持有人生的洒脱与从容，再去面对眼花缭乱的花花世界时，就会多一分明世的清醒，多一分心态的淡泊。</p><p>适时把自己“归零”，就会不断重新开始，永葆青春。人生最大的敌人莫过于自己。一个人是否成功，大抵决定于在不断把自己“归零”的过程中战胜自己。比如“升迁”作为诸多为官者竞取的目标，有些人忙活半天当不上官会痛心疾首、痛不欲生；有些人升迁之后却忘乎所以，以为官大本事长，独断专行，听不得不同意见，竟至出现重大失误被罢被免。道理很简单，升迁了，实际上正是一个“归零”的开始，重新确定前进目标，敢于从“一”做起，才能取得新的突破。又如，有些人取得了成绩或荣誉，却不把心态“归零”，不思进取，喜欢吹嘘，总是躺在成绩与荣誉上“睡大觉”，也就无法再次取得成功。反观一些原本做出过“贡献”的贪官堕入深渊的行径，无不是迈不过“利禄、地位、权色”这道“坎”，一失足遂成千古之恨。事实一次次警示我们，在人生的要紧几步，必须要有“归零”的心态，思想上“从零开始”，实践中“从零做起”。</p><p>放下“阶段胜利”的“包袱”，把心态调整到坐标原点，保持极为清醒冷静的头脑，辩证地看待已有的成绩，在人生的要紧处头脑清醒，明白自己究竟有多轻多重，知道自己到是谁，放下包袱，面对现实，才能永葆革命者的青春。</p><p>适时把自己“归零”，就会不断追求卓越。需要一步一个脚印地前行，不断把每迈出的一步都当作万里长征的“第一步”，也就是在一个成绩“归零”之后再赢得新的成绩。这取决于奋斗者的心态。一般说，有什么样的心态就有什么样的努力,有什么样的选择就有什么样的结果。要想获得事业的一次次成功，首先就要调整、完善、升华自己的心态。面对这个日新月异的世界，将心态归零，放下包袱，轻装上阵，把每一次成功都视为新的起点、新的希望、新的挑战，新的成功就会在不远处向你招手。智者说，心态归零，责任才能归位。把自己“归零”了，就会焕发一种高度的事业心和责任感，不等待、不埋怨、不消极。我们要奋发进取，永不满足，积极学习新事物，适应新环境，接受新挑战，创造事业的新成果。</p><p>适时把自己“归零”，体现了人生的大智慧、大聪明和大能力。在不断“归零”的基点上让人生重新起航，就一定会披荆斩棘，胜利到达理想的彼岸。</p>', '2017-12-13 15:03:05', '2017-12-13 15:03:05');
INSERT INTO `posts` VALUES ('7', '半分钟的犹豫', '1', '4', '换一个角度，你会发现并不是只有你是这个世界的主角。千人千样，人生无常，谁都会有眼泪有悲伤，我们要学会欣赏和悲悯，学会善待他人，毕竟人生一世谁都不容易。', '网络', 'https://mock.topicking.com/static/img/640X356/6.jpg', '32', '39', '<p>卡尼尔和弗拉茨是美国一所小学的老师，她们和南非一个贫困小镇的一所小学建立了友谊帮带关系。</p><p>有一次，卡尼尔和弗拉茨一起，带着几位美国学生来到了那所南非的学校。卡尼尔和弗拉茨决定带南非的孩子们去山上探索自然奥秘。正当他们来到半山腰的时候，意外发生了：弗拉茨因为想拉一位南非黑人少年，结果自己失去了平衡，摔到一条足有两米深的山沟里，血流不止。</p><p>医生发现她失血过多要输血，遗憾的是弗拉茨的血型并不多见，卡尼尔和那些美国学生没有一个和她的血型相匹配。这时，卡尼尔注意到了那位始终默默站在一边的黑人少年，弗拉茨正是因为想拉他才摔下山沟的。卡尼尔走过去对他说：“试试你的血吧！”</p><p>那位黑人少年的血型与弗拉茨完全吻合！然而在医生想要拉过他的手臂抽血时，他把手一缩，怯怯地问：“你们是要抽我的血吗？”</p><p>“是的！因为只有你的血才能救弗拉茨老师！”医生告诉他说。</p><p>“我想考虑一下！”黑人少年轻声说着，把头低了下去。</p><p>卡尼尔看着那位黑人少年，在心里近乎愤怒地嘀咕：“弗拉茨老师是因为帮你才摔下山沟去的，你为她输点血也表示犹豫？”</p><p>那位黑人少年低着头考虑了足有半分钟，然后他慢慢地抬起头来，让所有人没有想到的是，他的眼眶里竟然噙满了泪水。他咬了咬嘴唇，把目光投向了卡尼尔说：“我同意输血，但是我想提一个请求！”</p><p>“输血救人还要讲条件？这简直太让人愤怒了！”卡尼尔心里想着。</p><p>“我只希望你们以后能常来我们的学校！”</p><p>“这还用说吗！我们当然会这样做！”卡尼尔说。黑人少年似乎得到了一个满意的答复，他把手伸向了医生，那一刻，两颗泪珠从他的眼里流了出来。</p><p>几分钟后，那位黑人少年抽完血后被医生安排坐在长椅上休息。他轻轻地问卡尼尔：“我想知道，我将在什么时候死去？”</p><p>“死？你并不会死去啊！你只是输出一点血，需要休息一下而已！”卡尼尔和医生几乎同时回答他说。</p><p>那一刻，包括卡尼尔和医生在内的所有人都突然明白：他在输血前的犹豫，并不是在考虑要不要输血给弗拉茨老师，而是在考虑要不要为弗拉茨老师献出生命。更加让人无法想像的是，他作出那个在他看来是要献出生命的决定时，只用了半分钟！</p><p><strong>生活中，我们有时候会站在自己的视角去分析判断别人，甚至会自以为是、随便谴责批判别人，其实，如果我们不知道别人的生活，无法对别人的酸甜苦辣感同身受，那么，就不要轻易地去指责别人或者批判别人。任何人的生活都有不为人知的喜怒哀乐。如果不分青红皂白就急于指责和批评，很容易造成对别人的伤害。</strong></p><p><strong>换一个角度，你会发现并不是只有你是这个世界的主角。千人千样，人生无常，谁都会有眼泪有悲伤，我们要学会欣赏和悲悯，学会善待他人，毕竟人生一世谁都不容易。</strong></p>', '2017-12-13 15:03:05', '2017-12-13 15:03:05');
INSERT INTO `posts` VALUES ('8', '这辈子你误解了多少人', '1', '1', '一花一世界，一叶一菩提。这是何等的境界，其实做到这一点并不难，做到善待他人、体谅他人，便能在这世俗的世界中得到内心的宁静。', '网络', 'https://mock.topicking.com/static/img/640X356/15.jpg', '795', '67', '<p>接到手术电话后，他以最快的速度赶到医院并换上手术服。男孩的父亲失控地喊道：“你怎么这么晚才来？你难道不知道我儿子正处在危险中吗？你怎么一点责任心都没有！”</p><p>医生淡然地笑着说：“很抱歉，刚刚我不在医院，接到电话就马上赶来了，您冷静一下。”</p><p>“冷静？如果手术室里躺着的是你的儿子，你能冷静吗？如果现在你的儿子死了，你会怎么样？”男孩的父亲愤怒地说。</p><p>医生又淡然地笑了，回答道：“我会默诵《圣经》上的一句话：‘我们从尘土中来，也都归于尘土。’请为你的儿子祈祷吧!”男孩的父亲愤愤的说：“当一个人对别人的生死漠不关心时，才会这样说。”</p><p>几个小时后，手术顺利完成，医生高兴地从手术室走出来，对男孩的父亲说：“谢天谢地，你的儿子得救了！”还没有等到男孩的父亲答话，他便匆匆离去，并说：“如果有问题，你可以问护士！”</p><p>“他怎么如此傲慢？连我问问儿子的情况这几分钟的时间他都等不了吗？”男孩的父亲对护士愤愤不平地说道。</p><p>护士的眼泪一下子就流出来了：“他的儿子昨天在交通事故中身亡了，我们叫他来为你的儿子做手术的时候，他正在去殡仪馆的路上，现在，他救活了你的儿子，要赶去完成他儿子的葬礼。”</p><p>别人的生活发生了什么，他们正在经历着怎样的波折和磨难，站在自我立场的你可能并不知晓，你所看见的只是表象而已。</p><p>换一个角度，你会发现，并不是只有你是这个世界的主角。千人千样，每个人都有自己的故事，每个人都是自己故事里的主角，不管故事是平淡无奇，还是曲折坎坷，每个人都已经历不同的故事，或悲伤或幸福。人生无常，谁都会有眼泪有悲伤，我们要学会欣赏和悲悯，学会善待他人。</p><p>不要轻易指责别人，因为我们没有足够的智慧，去知道别人生活里的喜怒哀乐、去真正体谅别人的酸甜苦辣。每个人因立场不同，所处的环境不同，很难了解对方的感受。</p><p>一个真正的有文化修养的人，能够用“慈悲心和包容心”去成就别人，其实也是在成就自己。一个从“现象”中，就能得知自己怎么解脱的人，才是真正的懂得自我修养的人。想想我们，经历的心路历程的苦，才能知道他人的苦。想想我们，有多少不为人知的伤感和苦楚，就知道他人的生活里其实也有一样的内容，也一样在人生的路上经历风风雨雨。想想我们，是怎样从坎坷中走过的，就知道别人是怎样从坎坷和磨难中走过的。</p><p><strong>一花一世界，一叶一菩提。这是何等的境界，其实做到这一点并不难，做到善待他人、体谅他人，便能在这世俗的世界中得到内心的宁静。</strong></p><p><strong>有句话说得好：幸福并不取决于财富、权利和容貌，而是取决于你和周围人的相处。</strong></p>', '2017-12-13 15:03:05', '2017-12-13 15:03:05');
INSERT INTO `posts` VALUES ('9', '你和谁在一起的确很重要', '1', '2', '和不一样的人在一起，就会有不一样的人生。爱情如此，婚姻也如此;家庭如此，事业也如此。', '网络', 'https://mock.topicking.com/static/img/640X356/11.jpg', '1006', '15', '<p><strong>学最好的别人，做最好的自己。借人之智，成就自己，此乃成功之道。</strong></p><p><strong>和不一样的人在一起，就会有不一样的人生。</strong></p><p>在现实生活中，你和谁在一起的确很重要，甚至能改变你的成长轨迹，决定你的人生成败。</p><p>和什么样的人在一起，就会有什么样的人生。和勤奋的人在一起，你不会懒惰;和积极的人在一起，你不会消沉。与智者同行，你会不同凡响;与高人为伍，你能登上巅峰。</p><p>科学家研究认为：“人是惟一能接受暗示的动物。”积极的暗示，会对人的情绪和生理状态产生良好影响，激发人的内在潜能，发挥人的超常水平，使人进取，催人奋进。远离消极的人吧!否则，他们会在不知不觉中偷走你的梦想，使你渐渐颓废，变得平庸。</p><p>积极的人像太阳，照到哪里哪里亮;消极的人像月亮，初一十五不一样。态度决定一切。有什么样的态度，就有什么样的未来;性格决定命运，有怎样的性格，就有怎样的人生。</p><p>有人说，人生有三大幸运：上学时遇到好老师;工作时遇到一位好师傅，好老板；成家遇到一个好伴侣。有时他们一个甜美的笑容，一句温馨的问候，就能使你的人生与众不同，光彩照人。</p><p>生活中最不幸的是：由于你身边缺乏积极进取的人，缺少远见卓识的人，使你的人生变得平平庸庸，黯然失色。</p><p>有句话说得好，你是谁并不重要，重要的是和谁在一起。古有“孟母三迁”，足以说明和谁在一起的确很重要。雄鹰在鸡窝里长大，就会失去飞翔的本领，怎能博击长空，翱翔蓝天;野狼在羊群里成长，也会“爱上羊”而丧失狼性，怎能叱咤风云，驰骋大地。</p><p>原本你很优秀，由于周围那些消极的人影响了你，使你缺乏向上的压力，丧失前进的动力，而变得俗不可耐，如此平庸。不是有这样的观念吗?“大多数人带着未演奏的乐曲走进了坟墓。”</p><p>如果你想像雄鹰一样翱翔天空，那你就要和群鹰一起飞翔，而不要与燕雀为伍；如果你想像野狼一样驰骋大地，那你就要和狼群一起奔跑，而不能与鹿羊同行。正所谓“画眉麻雀不同嗓，金鸡鸟鸦不同窝。”这也许就是潜移默化的力量和耳濡目染的作用。</p><p>如果你想聪明，那你就要和聪明的人在一起，你才会更加睿智;如果你想优秀，那你就要和优秀的人在一起，你才会出类拔萃。俗话说：物以类聚，人以群分。之所以会出现一个宿舍都考上研究生，同一班级能考上多个名校生，大概就是这方面的原因吧。</p><p>读好书、交高人乃人生两大幸事。一个人身价的高低，是由他周围的朋友决定的。朋友越多，意味着你的价值越高，对你的事业帮助越大。朋友是你一生不可或缺的宝贵财富。因为朋友的相助和激励，你才会战无不胜，一往无前。人生的奥妙之处就在与人相处，携手同行。生活的美好之处则在于送人玫瑰，手留余香。</p><p>人生就是这样。想和聪明的人在一起，你就得聪明；想和优秀的人在一起，你就得优秀。善于发现别人的优点，并把它转化为自己的长处，你就会成为聪明人；善于把握人生机遇，并把它转化为自己的机遇，你就会成为优秀者。对他人的成功像对待自己的成功一样充满热情。学最好的别人，做最好的自己。借人之智，成就自己，此乃成功之道。</p><p><strong>和不一样的人在一起，就会有不一样的人生。爱情如此，婚姻也如此;家庭如此，事业也如此。</strong></p>', '2017-12-13 15:03:05', '2017-12-13 15:03:05');
INSERT INTO `posts` VALUES ('10', '幸福是个过程', '1', '2', '你幸福了吗？应该是每个人留给自己的问题，学会放大自己所拥有的，平衡好世界与内心的需要，把握好幸福的定义，你可能会发现自己拥有挺多了。', '网络', 'https://mock.topicking.com/static/img/640X356/7.jpg', '192', '25', '<p>龙部长和白岩松在《中国，再启动》一书中讨论了关于信仰的问题，而老白又是位积极的幸福布道者，信仰问题便引申为关于幸福的命题。那么如何理解幸福呢？</p><p>我们讲幸福，一个大前提是明白何为幸福。幸福，是一个抽象的概念，对于中国人来说它还是个新事物，时髦的东西，至少从我的经历来看，过去的二十多年，没有一个人向我解释过幸福。但不讲，不代表没有，我也看到、听到过许多幸福的人和故事。</p><p>只是，当一个人被问及你幸福了吗？第一反应一定是惊诧，最后是即问即想的回答。我想，除了太过抽象的原因以外，更多的是，更多人的没有认真、慢慢的思考过幸福的定义。</p><p>老白是中庸思想的践行者，在极大多数问题上，他的回答总会有所保留，表达自己想法的同时，尊重不同人不同的想法。对于幸福一题，老白说，它就像鞋一样，舒不舒服只有自己知道。但还是给出了他的观点，幸福的三要素，物质、情感、精神。</p><p>第一个是物质，离开物质谈幸福不可能，因为物质是基础，基础不牢，地动山摇；第二个是情感，当你有所依靠的时候，幸福感就会增加；最后一个是精神，精神如果有支柱也就是信仰，那你的幸福感会更大。</p><p>幸福，就是物质、情感和精神这三者做到在个体上的平衡，当物质不够时，要用感情和精神去补。就像我们怀念青春，青春很难，但为什么怀念它？因为在那时，物质基础虽然不是很牢靠，但是，情感过剩，精神方面信仰也是过剩，两个”过剩“大大弥补了现实的挑战，所以让人回忆时热血沸腾。</p><p>如果说三者在实现上有先后主次之分，在步入社会后，物质应该是火车头，情感和精神更像是燃料，人在轨道上快速前进中，也别忘了时常看看表盘，添添燃料。人到中年，情感危机多发，那么就轮到储备燃料发挥作用的时候，越往后，这方面的需求也将更明显，缺多少，幸福感就降低多少，厚积薄发大概说的就是情感和精神的作用。</p><p>而说到精神方面，我想到基辛格说的一句话，一个人如果无法实现自己的目标，可能很可悲，但是一个人实现了自己的目标后，发现这个目标不是自己所要的那样一个目标，这可能是更大的悲哀。精神具体点讲，是人的追求和信仰，有着目标，并奔向目标的人，我想，过程中他一定是幸福的，但站在终点时是否依然幸福？没人敢保证。也许幸福只是过程的体验感，所以，人类才会不断的进步，才会努力向更高的幸福攀登，而支撑起意志的，一定来自于精神。</p><p>”春有百花秋有月，夏有凉风冬有雪。若无忧事挂心头，便是人间好时节。“，其实，你幸福了吗？应该是每个人留给自己的问题，学会放大自己所拥有的，平衡好世界与内心的需要，把握好幸福的定义，你可能会发现自己拥有挺多了。</p>', '2017-12-13 15:03:05', '2017-12-13 15:03:05');
INSERT INTO `posts` VALUES ('11', '世界不曾亏欠每一个努力的人', '1', '4', '余下的时光，趁着岁月正好，带着内心热忱，朝心之所向，往前走吧！相信世界不曾亏欠每一个努力的人，也会记得每个人的梦想。', '网络', 'https://mock.topicking.com/static/img/640X356/6.jpg', '1895', '131', '<p>几年前，站在一所名校的门前，女友痛斥考研的正哥：所有人都误以为这里是梦开始的地方，我想告诉你，这里也是梦破碎的地方。正哥说她太悲观，女友怪他不现实。于是，她转身离开，甚至没有正式对他说再见。</p><p>有很长一段时间，正哥每天醒来和睡时都会抱着她的照片。最难受的时候，他曾跑到雪地中，吞几口冰凉的雪，在雪地上写：I’m coming， coming， coming……直至手指冻得没有知觉。</p><p>从此，正哥惜时惜命，把平日里所有的时间安排妥当，再挤出来一些时间去充电。记得那年夏天我们一起出差去培训，坐飞机时，正哥在看书；见完客户，他去陪朋友打球；夜晚的街头，大家疲惫不堪，他依然兴致勃勃地逛书店；回到宾馆，我们都睡着了，唯有他床头灯还亮着，在啃那一串串千奇百怪的意大利语，在这之前，好学的他已学会了日语和法语。</p><p>最终，正哥考上了那所名校的硕博连读，在庆祝的party上，正哥依然低调，也依然对前女友念念不忘，误以为她在外面受伤了还会回来。我们对他的这段感情早已没了兴致，倒是觉得几年来，正哥逐渐变成了一个充满魅力的男人，就像“Superman”。</p><p>这几年来，他会每天凌晨四点半起床读书，坚持夜跑，在时光的流逝中，恍然从一个二百多斤的胖子瘦到了颜值爆表，从一个格子间的眼镜男一跃读到了男博。</p><p>正哥早已不像最初那么自卑，他可以赫然而立在一群姑娘中侃侃而谈；悲伤的时候，看看浩瀚而遥远的银河系，想像自己不过是一粒尘埃，那点伤心事就会瞬间乌有；被困惑缠身，听听量子力学，原来身上的每个细胞都蕴含力量，可以听从意念的指挥，没有做成的事情，多半是因为没有持续用力……总之，每一件乱如麻的事，他都能很快理顺，我一直觉得这位罕见的”Superman”，就站在我们的未来，思维理性，言辞感性，可以为任何人指点迷津，让周围的人五体投地。</p><p>如此智商超群、博学多见的正哥，最思念的却是雪地里挣扎的时光，毕竟，有些黑夜只能独自穿过，有些寒冷只能一个人懂得。</p><p>正哥常常说，其实人和人的时间是不等值的。比如凌晨四点半，大多数人还在梦中撒欢，哈佛大学却早已灯火通明。还有那位灌篮高手科比回答记者，每天都会在此时醒来去打球，不投进一千球，绝不结束。这种不等值会随着时间的流逝，把我们之间的距离拉得越来越远。</p><p>我想，大概正是这种不等值，把正哥一推再推，推向了另一个我们可望而不可及的高处吧！</p><p>也曾看过一篇文说，最好的休息不是睡觉，而是交换着去做其他的事情，其实这就是努力的一种真实写照。如果没有精神支撑，没有向上的心，怎么可能走得那么坚决、那么远？</p><p>我们在崇拜”Superman”、对传奇的正哥充满敬意时，若回头看看从前，不难发觉，他们曾经也不过是个普通人，一步步走过来成就了现在的自己。正是那些不等值的时间，让那些格外努力的人，在多年后看起来清晰盎然，世界更大，视野更广，因为努力就是最好的天赋。所以，别太在意结果，学习的本身就是意义，在这个过程中，你已得到最好的馈赠。</p><p>我一直在思考，除了时间的不等值，还有什么不等值会让我们变得如此不同。记得那次培训归来，所有人都大喊解放，像是完成了一项艰难的考试，考过的都表示太幸运，没有考过的全抱怨题目太难。正哥却在朋友圈感慨：课程结束了，学习才刚刚开始，一段时光过去了，人生还要继续努力……</p><p>正哥的这几句话，让我突然觉得人与人的不同：起跑的优劣早已变得无关紧要，重点在于你是否是那位终身都在努力奔跑的人，你是否已经意识到并认同越努力越幸运这句真理。</p><p>而后，直到正哥被公司公派到美国游学时，我们才恍然大悟到自己和一个默默努力的人之间的差距。原来，岁月无声无息地溜走，除了可以带走一些人的无聊时光，还可以沉淀一个努力者的人生。</p><p>听到众人的齐声祝贺，正哥谦虚地说，运气好而已。旁人也许会认为他只是幸运地砸中了一颗金蛋，而一直待在他身边的我们却明白，正哥曾拼尽了所有，才在看起来毫不费力的笑声中，赢得了这幸运。</p><p>送别的机场，一位男同事表示很想大哭一场，并非离别的场景让人感伤，而是多年前我们曾拥有一样的梦想和目标，当我们无法去实现它，继而嘲笑执着的自己时，却有人真的做到了，而且是在不动声色中，悄无声息地“夺了冠”。</p><p>突然想起，我们刚刚入职时都格外热衷于看各种演说家的舞台Show，每次被演讲者的激情鼓励或温暖后，我们大多还是会回到最初的懒散，如此反复，没有终点。而那些比我们走得远、走得稳的人在拥抱了那三秒钟的热情后，却依然可以靠着余温继续前行。如今，我才明白，那余温来自不断前行者的内心。</p><p>他们比任何人都明白，做好任何一件小事都需要努力和耐心，更需要慢慢来；他们比任何人都惜时惜命，所以才有资格享受拼命尽兴后的人生礼遇。</p><p>余下的时光，趁着岁月正好，带着内心热忱，朝心之所向，往前走吧！相信世界不曾亏欠每一个努力的人，也会记得每个人的梦想。</p>', '2017-12-13 15:03:05', '2017-12-13 15:03:05');
INSERT INTO `posts` VALUES ('12', '头等舱船票', '1', '3', '我们是否曾经想过，在我们来到世界的那一刻，上天已经将最好的头等舱船票交给了我们。是的，我们可以在物质上、心灵上，完全可以享有最豪华的待遇，只要我们愿意出示船票。许多人在他的一生，只是过着犹如借方便面充饥一般的生活。这并非是他们应有的船票，但他们未曾想到去使用，或根本不知道船票的价值。', '网络', 'https://mock.topicking.com/static/img/640X356/5.jpg', '893', '32', '<p>一对老夫妇省吃俭用地将4个孩子扶养长大。岁月匆匆，他们结婚已有50年了，拥有极佳收入的孩子们，正秘密商议着要送给父母什么样的金婚礼物。</p><p>由于老夫妇喜欢携手到海边享受夕阳余晖，孩子们决定送给父母最豪华的爱之船旅游航程，好让老两口尽情徜徉于大海的旖旎风情之中。</p><p>老夫妇带着头等舱的船票登上豪华游轮，可以容纳数千人的大船令他们赞叹不已。而船上更有游泳池、豪华夜总会、电影院等等，真令他们俩感到惊喜无限。</p><p>美中不足的是，各项豪华设备的费用皆十分昂贵，节俭的老夫妇盘算自己不多的旅费，细想之下，实在舍不得轻易去消费。他们只得在头等舱中安享五星级的套房设备，或流连在甲板上，欣赏海面的风光。</p><p>幸好他们怕船上伙食不合胃口，随身带着一箱方便面，既然吃不起船上豪华餐厅的精致餐饮，只好以方便面充饥，间或想变换口味吃吃西餐，便到船上的商店买些西点面包和牛奶。</p><p>到了航程的最后一夜，老先生想想，若回到家后，亲友邻居问起船上餐饮如何，自己竟答不上来，也是说不过去。和太太商量后，老先生索性狠下心来，决定在晚餐时间到船上餐厅用餐，反正是最后一餐，明天即是航程的终点，也不怕宠坏了自己。</p><p>在音乐及烛光的烘托之下，欢度金婚纪念的老夫妇仿佛回到初恋时的快乐。在举杯畅饮的笑声中，用餐时间已近尾声，老先生意犹未尽地招来侍者结账。</p><p>侍者很有礼貌地请问老先生：“能不能让我看一看你的船票？”</p><p>老先生闻言不由得生气，“我又不是偷渡上船的，吃顿饭还得看船票？”嘟囔中，他拿出船票了。</p><p>侍者接过船票，拿出笔来，在船票背面的许多空格中划去一格。同时惊讶地问：“老先生，你上船以后，从未消费过吗？”</p><p>老先生更是生气，“我消不消费，关你什么事？”</p><p>侍者耐心地将船票递过去，解释道：“这是头等舱的船票，航程中船上所有的消费项目，包括餐饮、夜总会以及其他活动，都已经包括在船票内，您每次消费只需出示船票，由我们在背后空格注销即可。”</p><p>老夫妇想起航程中每天所吃的方便面，而明天即将下船，不禁相对默然。</p><p>我们是否曾经想过，在我们来到世界的那一刻，上天已经将最好的头等舱船票交给了我们。是的，我们可以在物质上、心灵上，完全可以享有最豪华的待遇，只要我们愿意出示船票。许多人在他的一生，只是过着犹如借方便面充饥一般的生活。这并非是他们应有的船票，但他们未曾想到去使用，或根本不知道船票的价值。</p>', '2017-12-13 15:03:05', '2017-12-13 15:03:05');
INSERT INTO `posts` VALUES ('13', '不要指望别人和你站在同样的高度', '1', '6', '世上本没有对错，看问题的角度不同，答案不同而已，我们应该学会常常用别人的角度看世界，多一分宽容，多一分理解，多一分求同存异。', '网络', 'https://mock.topicking.com/static/img/640X356/6.jpg', '93', '158', '<p>有一女教师，在很多年之前，她的丈夫就在一场车祸中丧生了，而她一个人却培育了三个博士生女儿。同时，她所教的很多学生也都成绩优异，让同事和朋友们都感到不可思议。</p><p>在一次采访中，她向记者透露了她教学与教子的秘诀：不要指望别人都和你的见识一样！ 接着，她向记者讲述了这样一个故事： 十多年以前，她的小女儿正在上幼儿园。有一天，她看到了女儿的一张绘画作品。当时，她一下子就怔住了。孩子总是充满了想象，孩子的世界也应该是一个充满了想象的世界。可是，在她女儿的一幅名为《陪妈妈逛街》的画中，既没有高楼大厦，也没有车水马龙，更没有琳琅满目的商品，有的只是数不清的大人们的腿……</p><p>奇怪！她拿着女儿的画沉思了很久，终于解开了疑惑。原来，幼小的孩子只有几岁，身高只能达到大人的腰部，走在大街上，川流不息的人群将孩子遮掩着，孩子除了能看到大人们的腿，还能看到什么呢？</p><p>女教师如梦初醒。是啊，孩子们上街看到的不是高楼大厦和车水马龙，而是大人们的腿，这是他们的身高决定的；学生对很多问题疑惑不解，这是由他们的年龄、智力和见识决定的；企业的员工看到的只是自己的工资待遇和发展前途，而不是公司的整体运行和未来发展，这是由他们所处的位置和环境决定的……</p><p>并不是每个孩子都能和大人有相同的视角来看待社会；并不是每个学生都能和老师一样有相同的接受能力和认知能力；并不是每个员工都能和总裁一样站在公司的全局看待问题、分析问题和处理问题……</p><p>女教师说，不要埋怨别人无知，不要指望别人和你站在同样的高度。其实，一个人所处的高度，决定了他的见识。与其埋怨别人，不如用一种亲近的态度和平和的心态，去和别人交流、沟通、兼融……这样，你就可以做一个好家长、好教师、好经理。</p><p>善待别人的高度，不要指望别人和你的见识一样。教子、教学、为人处世、管理一方，其实就是这么简单。</p><p>感悟：我想，善待别人的高度，还应该有一层意思：不要总以为自己是对的。</p><p>世上本没有对错，看问题的角度不同，答案不同而已，我们应该学会常常用别人的角度看世界，多一分宽容，多一分理解，多一分求同存异。</p', '2017-12-13 15:03:05', '2017-12-13 15:03:05');
INSERT INTO `posts` VALUES ('14', '你做你人生赢家，我只想早点回家', '1', '4', '一个伟大的时代，绝不应该浮躁而单一。我们可以追求的事物太多了，值得我们探索、超越的事情也太多了。', '网络', 'https://mock.topicking.com/static/img/640X356/5.jpg', '1896', '12', '<p>小时候我痛恨那些“别人家的孩子”。我实在想不通一个人为什么可以又学习好，字又写的好，长得又可爱，又懂礼貌看到谁都叔叔阿姨爷爷奶奶得叫，又会画画会弹琴会做奥数题，又能当班长当学习委员当文娱委员当体育委员，简直小小年纪就是“人生赢家”。</p><p>小时候，面对这些“别人家的孩子”，我特别喜欢和他们一起玩斗地主，因为只有在那个时候，我才可以指着他们的鼻子大骂：炸弹！炸死你丫的！</p><p>十几年过去了，“别人家的孩子”都长大了：<br>他们有的继承了父母的企业成了公司CEO，每天开着黄金版兰博基尼到处把妹，成为了人生赢家；<br>有的毕业后混圈子玩创业，两年就融资两个亿，每天西装革履出入沙龙和论坛与大自己几十岁的大佬们举杯共饮成为人生赢家；<br>有的努力考个清华北大毕业后进入世界五百强没日没夜工作一年升了两次title，加了两次工资，涨了十公斤脂肪，成为人生赢家；<br>还有的妹纸颜值高、身材好、G罩杯，嫁入豪门，一下子生个二胎，于是年纪轻轻每天在家奶孩子搓麻将成为人生赢家。</p><p>而我呢，我还在每天无病呻吟着写着公众号文章，读着各种无用的“闲书”，我还在每天为上班遇到的各种凡事抱怨不已，我还在做着关于文艺的白日梦，和这些“人生赢家”比起来，我简直是地下十八层的井底之蛙啊！</p><p>但是，难道“人生赢家”这个词汇，只能来自他人和社会的赋予？<br>难道“人生赢家”就一定是“男人成大款，女人榜大款”？<br>难道“人生赢家”就一定以金钱、财富、权力为唯一衡量？<br>要是真的如此，那我们所处的时代，已经浅薄成什么样子了啊！</p><p>这几年，凡我去过的国内机场的书店，必定在最显眼的目的放满了《马云传》、《刘强东传》、《乔布斯传》此类有关财富大佬的书籍，而找不到任何一本与文学、历史、哲学等等相关的书。</p><p>而我去年也去了日本东京和大阪的机场书店，那里摆放着的都是有趣的连环漫画，或者是东野圭吾、村上春树之类的当红作家 的小说。当然，关于财富、商业的书也有不少，但它们也只是作为类目之一，稳妥地摆放在那里。</p><p>对比国内的机场书店，和日本的机场书店，也许这就代表了两种社会的主流价值观：前者激进、浮躁、单一，将对“财富与权力”的渴望上升到了金字塔的顶尖；<br>而后者，已然成熟了不少，包容、多元、任何人都能在自己的领域中获得成功，任何一个行业都值得被记录和赞扬。</p><p>当然，我也热爱财富，我也希望成为有钱人，我也希望能拥有足够大的权力，能让我去完成自己的大理想。</p><p>但，我对财富和权力的热爱、向往，终究还是抵不过内心的喜好——我对所有的财富与权力的追求，都必须基于我的兴趣、我的理想之上——财富与权力绝不是我的理想，它们顶多是我所追求的理想的副产品。</p><p>是的，财富与权力绝不是我的理想，它们顶多是我所追求的理想的副产品。</p><p>所以，什么样的人才是人生赢家？</p><p>回想一下，五十年前，一百年前，五百年前，那些被人们记住的，那些影响、改变了今天的世界的人，又有几个是在当时就拥有权力与财富的人？</p><p>梵高是人生赢家吗？贝多芬是人生赢家吗？马克思是人生赢家吗？图灵是人生赢家吗？海明威是人生赢家吗？约翰列侬是人生赢家吗？陀思妥耶夫斯基是人生赢家吗？按照现在的价值观，他们都不是。他们活着的时候，没有财富，没有叱咤风云，没有比自己小二十岁的漂亮女朋友，他们就是几个文艺loser。</p><p>可是，他们却改变了这个世界，这点毋庸置疑。</p><p>当然，也许你会说：我只追求现世的成功，我可不管死后会不会留名千古或者遗臭万年。<br>那么，难道你觉得以上这些人在他们生活的时代里，不成功吗？</p><p>他们确实没有成为亿万土豪，没有成为国民老公，但梵高成功地用绘画表达了自己对于世界的思考，他当然成功了；陀思妥耶夫斯基写出了自己心中的波澜壮阔，他当然成功了；贝多芬用一个个音符表达了自己对于声音的一切想象，他当然成功了。</p><p>他们不但成功，而且他们乐在其中，他们的每一分每一秒都在沉溺与专注中度过，他们拥有这样的人生，他们难道不是“人生赢家”？</p><p>当然，我不是反对大家去追求财富：毕竟，对财富的渴望，正是我们每个人自我进步的驱动力；也是我们这个时代蓬勃发展的驱动力。</p><p>我只是想说，对于财富和权力，我们应该看的更淡一些，它们只是世界存在的万物之中，普普通通的组件而已。</p><p>一个伟大的时代，绝不应该浮躁而单一。我们可以追求的事物太多了，值得我们探索、超越的事情也太多了。</p><p>毕竟，这个世界上还有许许多多比财富更重要的事情：</p><p>比如，</p><p>每天早点回家：用你追求物质财富的时间，去和你爱的人和爱你的人好好相处；<br>每天早点回家：从繁杂的应酬和报表中抽离出来，读读书，让自己和自己说说话。<br>每天早点回家：做一些自己喜欢的事情，写书、画画、弹琴、雕刻，或是其他。</p><p>当你朝着你的内心的方向去做，你不仅不会感到迷茫、压力与苦恼，<br>而且，还会在不经意间获得理想带来的副产品：那些世俗意义上的财富、和权力。<br>你将成为一个真正的人生赢家。</p>', '2017-12-13 15:03:05', '2017-12-13 15:03:05');
INSERT INTO `posts` VALUES ('15', '生命中总有一朵祥云为你缭绕', '1', '5', '在辽阔的生命里，总会有一朵或几朵祥云为你缭绕。与其在你不喜欢或不喜欢你的人那里苦苦挣扎，不如在这几朵祥云下面快乐散步。天底下赏心快事不要那么多，只一朵，就足够。', '网络', 'https://mock.topicking.com/static/img/640X356/7.jpg', '2865', '25', '<p>有人说这个世界最傻的事，就是跑到不喜欢的人那里去问为什么。不喜欢就是不喜欢了，没有为什么。就像一阵风刮过，你要做的是，拍拍身上的灰尘，一转身沉静走开。然后，把这个不喜欢自己的人寂然忘掉。生活中有了不喜欢就学会改变，工作中有了不喜欢请先调整心态，拒绝就去拒绝，切记不可虚情假意。</p><p><p>这个世界，总有你不喜欢的人，也总有人不喜欢你。这都很正常。而且，无论你有多好，也无论对方有多好，都苛求彼此不得。因为，好不好是一回事，喜欢不喜欢是另一回事。</p><p>刻意去讨人喜欢，折损的，只能是自我的尊严。不要用无数次的折腰，去换得一个漠然的低眉。纡尊降贵换来的，只会是对方愈发地居高临下和颐指气使。没有平视，就永无对等。</p><p>也不要在喜欢不喜欢上，分出好人和坏人来。带着情绪倾向的眼光，难免会陷入褊狭。咬人的，你不能说它是坏狗。狗总是要咬人的，这是狗的天性和使命。也就是说，在盯着别人的同时，还要看到自我的缺陷和不足。</p><p>当然了，极致的喜欢，更像是一个自己与另一个自己在光阴里的隔世重逢。愿为对方毫无道理地盛开，会为对方无可救药地投入，这都是极致的喜欢。</p><p>这时候，若只说是脾气、情趣和品性相投或相通，那不过是浅喜；最深的喜欢，就是爱，就是生命内里的粘附和吸引，就是灵魂深处的执着相守与深情对望。</p><p>这是一场诡秘而又盛大的私人化进程。私人化的意思就是，即使无比错误，也无限正确。有时候，你的无数个回眸，未必能看到一个擦肩而过。有时候，你拿出天使的心，并不一定换来天使的礼遇。</p><p>如果对方不喜欢，都懒得为你装一次天使。谁也不需要逢场作戏。尽管，一时的虚情假意，也能抚慰人陶醉人，但终会留下搪塞的痛，敷衍的伤。</p><p>所以，这个世界最冒傻气的事，就是跑到不喜欢的人那里去问为什么。不喜欢就是不喜欢了，没有为什么。就像一阵风刮过，你要做的是，拍拍身上的灰尘，一转身沉静走开。然后，把这个不喜欢自己的人寂然忘掉。</p><p>一个人，风尘仆仆地活在这个世界上，要为喜欢自己的人而活着。这才是最好的态度。不要在不喜欢你的人那里丢掉了快乐，然后又在喜欢自己的人这里忘记了快乐。</p><p>勉强不来的事情，不去追逐。你为此而累的时候，或许对方也最累。你停下来了，你放下了，终会发现，天不会塌，世界始终为所有人祥云缭绕。</p><p>谁都在世俗的泥淖里扑腾着。有的人天生是来爱你的，有的人注定要来给你上课的。你苦心经营的，是对方不以为意的；你刻骨憎恨的，却是对方习以为常的。</p><p>喜欢与不喜欢之间，不是死磕，便是死拧。然而，这就是生活，有贴心的温暖，也有刺骨的寒冷，不过是想让你的人生，变得更加丰富，更加完整。</p><p>在辽阔的生命里，总会有一朵或几朵祥云为你缭绕。与其在你不喜欢或不喜欢你的人那里苦苦挣扎，不如在这几朵祥云下面快乐散步。天底下赏心快事不要那么多，只一朵，就足够。</p>', '2017-12-13 15:03:05', '2017-12-13 15:03:05');

-- ----------------------------
-- Table structure for `sequelizemeta`
-- ----------------------------
DROP TABLE IF EXISTS `sequelizemeta`;
CREATE TABLE `sequelizemeta` (
  `name` varchar(255) COLLATE utf8_unicode_ci NOT NULL,
  PRIMARY KEY (`name`),
  UNIQUE KEY `name` (`name`),
  UNIQUE KEY `SequelizeMeta_name_unique` (`name`)
) ENGINE=InnoDB DEFAULT CHARSET=utf8 COLLATE=utf8_unicode_ci;

-- ----------------------------
-- Records of sequelizemeta
-- ----------------------------
INSERT INTO `sequelizemeta` VALUES ('20171211100436-create-user.js');
INSERT INTO `sequelizemeta` VALUES ('20171212011434-create-postcate.js');
INSERT INTO `sequelizemeta` VALUES ('20171212012140-create-post.js');

-- ----------------------------
-- Table structure for `users`
-- ----------------------------
DROP TABLE IF EXISTS `users`;
CREATE TABLE `users` (
  `id` int(11) NOT NULL AUTO_INCREMENT,
  `name` varchar(255) DEFAULT NULL,
  `nickname` varchar(255) DEFAULT NULL,
  `sex` varchar(255) DEFAULT NULL,
  `password` varchar(255) DEFAULT NULL,
  `email` varchar(255) DEFAULT NULL,
  `telephone` varchar(255) DEFAULT NULL,
  `avatar` varchar(255) DEFAULT NULL,
  `lastlogin` varchar(255) DEFAULT NULL,
  `lastloginip` varchar(255) DEFAULT NULL,
  `createdAt` datetime NOT NULL,
  `updatedAt` datetime NOT NULL,
  PRIMARY KEY (`id`)
) ENGINE=InnoDB AUTO_INCREMENT=2 DEFAULT CHARSET=utf8mb4;

-- ----------------------------
-- Records of users
-- ----------------------------
INSERT INTO `users` VALUES ('1', 'ken', 'kenny', '1', '123456', 'ken@gmail.com', '13800138000', 'https://ss2.bdstatic.com/70cFvnSh_Q1YnxGkpoWK1HF6hhy/it/u=8232468,2916696848&fm=27&gp=0.jpg', '2017-12-13 14:41:54', '127.0.0.1', '2017-12-13 14:41:54', '2017-12-13 14:41:54');
